<?xml version="1.0" encoding="UTF-8"?>
<project-private xmlns="http://www.netbeans.org/ns/project-private/1">
    <editor-bookmarks xmlns="http://www.netbeans.org/ns/editor-bookmarks/2" lastBookmarkId="0"/>
    <open-files xmlns="http://www.netbeans.org/ns/projectui-open-files/2">
        <group>
            <file>file:/Users/yousif/Oasis/bankAppUpdated%202/src/bankSignUp.java</file>
            <file>file:/Users/yousif/Oasis/bankAppUpdated%202/src/admin.java</file>
            <file>file:/Users/yousif/Oasis/bankAppUpdated%202/src/bankCreate.java</file>
            <file>file:/Users/yousif/Oasis/bankAppUpdated%202/src/bankLogin.java</file>
            <file>file:/Users/yousif/Oasis/bankAppUpdated%202/src/bankShow.java</file>
            <file>file:/Users/yousif/Oasis/bankAppUpdated%202/src/mySQLConnect.java</file>
            <file>file:/Users/yousif/Oasis/bankAppUpdated%202/src/createAccount.java</file>
            <file>file:/Users/yousif/Oasis/bankAppUpdated%202/src/Complain.java</file>
        </group>
    </open-files>
</project-private>
